{
  "coin": "BTC",
  "total_trades": 79,
  "wins": 40,
  "losses": 39,
  "win_rate": 50.63291139240506,
  "avg_return": 1.3079581507544162,
  "total_return_pct": 130.7676733560276
}