{
  "coin": "ETH",
  "total_trades": 58,
  "wins": 25,
  "losses": 33,
  "win_rate": 43.103448275862064,
  "avg_return": 0.5257529205445503,
  "total_return_pct": 10.778918571234918
}